hash; preHash; time; locationX; locationY; locationZ
ccec3373ffae7621483f33d6f6816bcc9f9d103bb05faa0578fdd275d2c1b5ff; init; Wed Apr 21 19:46:09 2021
; init; init; init
e93ad01a05c98c2165159107f195c1a85b0d780e615bbc51926f586bbb59020e; ccec3373ffae7621483f33d6f6816bcc9f9d103bb05faa0578fdd275d2c1b5ff; Wed Apr 21 19:46:09 2021
; 0; 0; 0
26fd47450fa1cce24354359246848a7d473ccee0d91b56eeb0ad756707a77a1f; e93ad01a05c98c2165159107f195c1a85b0d780e615bbc51926f586bbb59020e; Wed Apr 21 19:46:09 2021
; 1; 1; 1
b16469e3d7859bf1452bb4b44969464c80bf43c85ad181a8996c335ed43251a8; 26fd47450fa1cce24354359246848a7d473ccee0d91b56eeb0ad756707a77a1f; Wed Apr 21 19:46:09 2021
; 2; 2; 2
630b26bc351a7a705d91fb03931ebe2e59e134770fd853a138358fa8ab042f35; b16469e3d7859bf1452bb4b44969464c80bf43c85ad181a8996c335ed43251a8; Wed Apr 21 19:46:09 2021
; 3; 3; 3
23330f3582f9df594964b903ab7cbbc4a934cb4527fb596518a89e4eb9de9add; 630b26bc351a7a705d91fb03931ebe2e59e134770fd853a138358fa8ab042f35; Wed Apr 21 19:46:09 2021
; 4; 4; 4
65b7ed31608efe7115265abb37338d3f86b0ee3e6ba5c1391f97001a5bba8953; 23330f3582f9df594964b903ab7cbbc4a934cb4527fb596518a89e4eb9de9add; Wed Apr 21 19:46:09 2021
; 5; 5; 5
ed509d9abb5850e2ed2065d6a19bed61f2ba3231fac38dcc439585fb91072b7f; 65b7ed31608efe7115265abb37338d3f86b0ee3e6ba5c1391f97001a5bba8953; Wed Apr 21 19:46:09 2021
; 6; 6; 6
2bf324e8749d24ce74035eaf5e5283daa06d9740a930883b71911fd9ce41ea2d; ed509d9abb5850e2ed2065d6a19bed61f2ba3231fac38dcc439585fb91072b7f; Wed Apr 21 19:46:09 2021
; 7; 7; 7
4f888b400e663e79afa84c1cfdbaeff12889f17436282661e21540fc6c25ab1c; 2bf324e8749d24ce74035eaf5e5283daa06d9740a930883b71911fd9ce41ea2d; Wed Apr 21 19:46:09 2021
; 8; 8; 8
13d82c43ef0facdbb47a8bee6382f0be9c751cad015eb0add49d763ebfe8b958; 4f888b400e663e79afa84c1cfdbaeff12889f17436282661e21540fc6c25ab1c; Wed Apr 21 19:46:09 2021
; 9; 9; 9
